{"cameraMode":{"drawMode":0,"name":"Shaded","section":"Shading Mode"},"sceneLighting":true,"audioPlay":false,"sceneViewState":{"showFog":true,"showMaterialUpdate":true,"showSkybox":true,"showFlares":true,"showImageEffects":true,"showParticleSystems":true},"in2DMode":false,"pivot":{"x":14.71281909942627,"y":5.053512096405029,"z":-7.189089775085449},"rotation":{"x":-0.19684936106204987,"y":0.6918085217475891,"z":-0.20517098903656007,"w":-0.6637459993362427},"size":1.1547656059265137,"orthographic":false}