{"cameraMode":{"drawMode":0,"name":"Shaded","section":"Shading Mode"},"sceneLighting":true,"audioPlay":false,"sceneViewState":{"showFog":true,"showMaterialUpdate":true,"showSkybox":true,"showFlares":true,"showImageEffects":true,"showParticleSystems":true},"in2DMode":false,"pivot":{"x":2.453967332839966,"y":-0.45668137073516848,"z":154.4351348876953},"rotation":{"x":0.12740039825439454,"y":0.2575312554836273,"z":-0.034252751618623736,"w":0.9572340250015259},"size":17.14633560180664,"orthographic":false}