{"cameraMode":{"drawMode":0,"name":"Shaded","section":"Shading Mode"},"sceneLighting":true,"audioPlay":false,"sceneViewState":{"showFog":true,"showMaterialUpdate":true,"showSkybox":true,"showFlares":true,"showImageEffects":true,"showParticleSystems":true},"in2DMode":false,"pivot":{"x":-2.0609071254730226,"y":1.6305007934570313,"z":155.8778533935547},"rotation":{"x":0.09069903194904328,"y":-0.4490654468536377,"z":0.04586998373270035,"w":0.8877173066139221},"size":21.29837417602539,"orthographic":false}