{"cameraMode":{"drawMode":0,"name":"Shaded","section":"Shading Mode"},"sceneLighting":true,"audioPlay":false,"sceneViewState":{"showFog":true,"showMaterialUpdate":true,"showSkybox":true,"showFlares":true,"showImageEffects":true,"showParticleSystems":true},"in2DMode":false,"pivot":{"x":10.751001358032227,"y":4.122591018676758,"z":-6.0909528732299809},"rotation":{"x":-0.23290491104125977,"y":0.3006497323513031,"z":-0.07596856355667114,"w":-0.9217374920845032},"size":2.054765462875366,"orthographic":false}